Task,MaxPointInContest,ParticipantsCount,ACCount,TotalPointInContest,DifficultyMultiplier,VNOJAC,ContestACRate,ContestPointRate,ZeroRate,ParticipantsAllCount,NormalizedParticipatantsCount,NormACRate,NormPointRate,VNOJOriginal,VNOJAdjusted,JRating1,JRating2,,,,,,,,BottomRemove,0.15
fc_hwc_r2_gangsta,100,55,1,716,2,,0.0182,0.1302,0.697802198,182,155,0.0065,0.0463,,,1.79,1.786387989,,,,,,,,,
fc_hwc_r2_graph,100,55,0,641,2,,0,0.1165,0.697802198,182,155,0,0.0414,,,2,,,,,,,,,,
fc_hwc_r2_primeset,100,55,37,3970,2,,0.6727,0.7218,0.697802198,182,155,0.2392,0.2566,,,0.61,,,,,,,,,,
fc_hwc_r2_scvmc,100,55,4,1590,2,,0.0727,0.2891,0.697802198,182,155,0.0259,0.1028,,,1.45,,,,,,,,,,
fc_hwc_r2_search,100,55,0,70,2,,0,0.0127,0.697802198,182,155,0,0.0045,,,2,,,,,,,,,,
fc_hwc_r2_wedding,100,55,1,2103,2,,0.0182,0.3824,0.697802198,182,155,0.0065,0.1359,,,1.79,,,,,,,,,,
fc_hwc_r4_max,100,28,0,462,2,0,0,0.165,0.845303867,181,154,0,0.03,0.8,,2,,,,,,,,,,
fc_hwc_r4_seat,100,28,0,310,2,0,0,0.1107,0.845303867,181,154,0,0.0201,0.8,,2,,,,,,,,,,
fc_hwc_r4_segment,100,28,17,1768,2,4,0.6071,0.6314,0.845303867,181,154,0.1105,0.1149,0.8,,0.93,,,,,,,,,,
fc_hwc_r4_selfie,100,28,2,425,2,2,0.0714,0.1518,0.845303867,181,154,0.013,0.0276,0.8,,1.64,,,,,,,,,,
fc_hwc_r4_team,100,28,2,674,2,0,0.0714,0.2407,0.845303867,181,154,0.013,0.0438,0.8,,1.64,,,,,,,,,,
fc_hwc_r4_tree,100,28,2,755,2,0,0.0714,0.2696,0.845303867,181,154,0.013,0.0491,0.8,,1.64,,,,,,,,,,
fc_pretst2018_2_audition,50,17,14,713,2,14,0.8235,0.8388,0.227272727,22,19,0.7487,0.7626,0.32,0.32,0.13,,,,,,,,,,
fc_pretst2018_2_city,50,17,8,465,2,8,0.4706,0.5471,0.227272727,22,19,0.4278,0.4973,0.68,0.68,0.37,,,,,,,,,,
fc_pretst2018_2_lis,50,17,10,520,2,11,0.5882,0.6118,0.227272727,22,19,0.5348,0.5561,0.58,0.58,0.28,,,,,,,,,,
fc_pretst2018_2_muldigits,50,17,2,290,2,1,0.1176,0.3412,0.227272727,22,19,0.107,0.3102,0.99,0.99,0.94,,,,,,,,,,
fc004_atm,100,74,33,3967,1.5,19,0.4459,0.5361,0.388429752,121,103,0.3209,0.3857,0.7,,0.37,,,,,,,,,,
fc004_billboard8,100,74,18,2509,1.5,6,0.2432,0.3391,0.388429752,121,103,0.175,0.2439,0.99,0.99,0.56,,,,,,,,,,
fc004_ctravel,100,74,48,5290,1.5,9,0.6486,0.7149,0.388429752,121,103,0.4667,0.5143,0.43,0.43,0.25,,,,,,,,,,
fc004_diningb,100,74,59,6254,1.5,24,0.7973,0.8451,0.388429752,121,103,0.5737,0.6081,0.32,0.32,0.19,,,,,,,,,,
fc004_explore,100,74,44,4450,1.5,11,0.5946,0.6014,0.388429752,121,103,0.4278,0.4327,0.6,0.6,0.28,,,,,,,,,,
fc004_format1,100,74,2,200,1.5,0,0.027,0.027,0.388429752,121,103,0.0194,0.0194,1.46,1.46,1.15,,,,,,,,,,
fc004_gather,100,74,32,3530,1.5,14,0.4324,0.477,0.388429752,121,103,0.3111,0.3432,0.78,0.78,0.38,,,,,,,,,,
fc004_hurdles,100,74,45,4970,1.5,11,0.6081,0.6716,0.388429752,121,103,0.4375,0.4832,0.49,0.49,0.27,,,,,,,,,,
fc004_irrev,100,74,28,2981,1.5,,0.3784,0.4028,0.388429752,121,103,0.2722,0.2898,,,0.42,,,,,,,,,,
fc004_rook1,100,74,0,200,1.5,81,0,0.027,0.388429752,121,103,0,0.0194,1.42,1.42,1.5,,,,,,,,,,
fc005_adict,50,56,2,161,1.5,,0.0357,0.0575,0.391304348,92,78,0.0256,0.0412,,,1.09,,,,,,,,,,
fc005_bandyta,50,56,22,1568,1.5,,0.3929,0.56,0.391304348,92,78,0.2813,0.401,,,0.41,,,,,,,,,,
fc005_cheat1,50,56,26,2011,1.5,,0.4643,0.7182,0.391304348,92,78,0.3325,0.5143,,,0.36,,,,,,,,,,
fc005_dejavu,50,56,46,2475,1.5,,0.8214,0.8839,0.391304348,92,78,0.5882,0.633,,,0.18,,,,,,,,,,
fc005_errant,50,56,3,215,1.5,,0.0536,0.0768,0.391304348,92,78,0.0384,0.055,,,0.99,,,,,,,,,,
fc005_factor,50,56,0,10,1.5,,0,0.0036,0.391304348,92,78,0,0.0026,,,1.5,,,,,,,,,,
fc005_gcd50,50,56,4,271,1.5,,0.0714,0.0968,0.391304348,92,78,0.0512,0.0693,,,0.91,,,,,,,,,,
fc005_horror,50,56,18,939,1.5,,0.3214,0.3354,0.391304348,92,78,0.2302,0.2402,,,0.47,,,,,,,,,,
fc005_ibs,50,56,5,433,1.5,,0.0893,0.1546,0.391304348,92,78,0.0639,0.1107,,,0.85,,,,,,,,,,
fc005_tableletter,50,56,10,500,1.5,,0.1786,0.1786,0.391304348,92,78,0.1279,0.1279,,,0.65,,,,,,,,,,
fc006_aggressivecows,50,94,32,1720,1.5,,0.3404,0.366,0.512953368,193,164,0.1951,0.2097,,,0.52,,,,,,,,,,
fc006_bila,50,94,19,1785,1.5,,0.2021,0.3798,0.512953368,193,164,0.1158,0.2176,,,0.68,,,,,,,,,,
fc006_contest3,50,94,12,1375,1.5,,0.1277,0.2926,0.512953368,193,164,0.0731,0.1676,,,0.82,,,,,,,,,,
fc006_debug,50,94,8,754,1.5,,0.0851,0.1604,0.512953368,193,164,0.0488,0.0919,,,0.93,,,,,,,,,,
fc006_exam2,50,94,53,2975,1.5,,0.5638,0.633,0.512953368,193,164,0.3231,0.3627,,,0.37,,,,,,,,,,
fc006_fibonacci,50,94,55,3647,1.5,,0.5851,0.776,0.512953368,193,164,0.3353,0.4446,,,0.35,,,,,,,,,,
fc006_game3,50,94,59,3100,1.5,,0.6277,0.6596,0.512953368,193,164,0.3596,0.3779,,,0.33,,,,,,,,,,
fc006_number3,50,94,36,2457,1.5,,0.383,0.5228,0.512953368,193,164,0.2194,0.2995,,,0.49,,,,,,,,,,
fc006_problem,50,94,63,3600,1.5,,0.6702,0.766,0.512953368,193,164,0.384,0.4389,,,0.31,,,,,,,,,,
fc006_timer,50,94,1,86,1.5,,0.0106,0.0183,0.512953368,193,164,0.0061,0.0105,,,1.35,,,,,,,,,,
fc007_babylontower,50,88,9,528,1.5,,0.1023,0.12,0.428571429,154,131,0.0688,0.0807,,,0.83,,,,,,,,,,
fc007_cowrun,50,88,13,850,1.5,,0.1477,0.1932,0.428571429,154,131,0.0993,0.1299,,,0.73,,,,,,,,,,
fc007_dispatching,50,88,7,516,1.5,,0.0795,0.1173,0.428571429,154,131,0.0535,0.0788,,,0.9,,,,,,,,,,
fc007_egroup,50,88,16,1890,1.5,,0.1818,0.4295,0.428571429,154,131,0.1222,0.2888,,,0.67,,,,,,,,,,
fc007_house,50,88,64,3337,1.5,,0.7273,0.7584,0.428571429,154,131,0.4889,0.5099,,,0.24,,,,,,,,,,
fc007_knapsack,50,88,63,3366,1.5,,0.7159,0.765,0.428571429,154,131,0.4813,0.5143,,,0.24,,,,,,,,,,
fc007_lcs,50,88,72,3851,1.5,,0.8182,0.8752,0.428571429,154,131,0.55,0.5884,,,0.2,,,,,,,,,,
fc007_move,50,88,66,3306,1.5,,0.75,0.7514,0.428571429,154,131,0.5042,0.5051,,,0.23,,,,,,,,,,
fc007_seq4,50,88,38,2100,1.5,,0.4318,0.4773,0.428571429,154,131,0.2903,0.3209,,,0.4,,,,,,,,,,
fc007_tribonacci,50,88,72,3778,1.5,,0.8182,0.8586,0.428571429,154,131,0.55,0.5772,,,0.2,,,,,,,,,,
fc036_countingsheep,50,40,26,1588,1.5,11,0.65,0.794,0.518072289,83,71,0.3685,0.4502,0.31,0.31,0.33,,,,,,,,,,
fc036_dwarves,50,40,5,984,1.5,1,0.125,0.492,0.518072289,83,71,0.0709,0.279,0.76,0.76,0.82,,,,,,,,,,
fc036_rockgame,50,40,10,677,1.5,21,0.25,0.3385,0.518072289,83,71,0.1417,0.1919,0.99,0.99,0.62,,,,,,,,,,
fc037_belamtoan,50,20,9,492,1.5,7,0.45,0.492,0.718309859,71,60,0.1491,0.163,0.76,0.76,0.61,,,,,,,,,,
fc037_nice,50,20,4,200,1.5,2,0.2,0.2,0.718309859,71,60,0.0663,0.0663,1.2,1.2,0.84,,,,,,,,,,
fc037_oantuti,50,20,5,282,1.5,6,0.25,0.282,0.718309859,71,60,0.0829,0.0935,1.08,1.08,0.78,,,,,,,,,,
fc037_rational2,50,20,20,1000,1.5,5,1,1,0.718309859,71,60,0.3314,0.3314,0.3,,0.36,,,,,,,,,,
fc040_apples,50,38,21,1223,1.5,11,0.5526,0.6437,0.424242424,66,56,0.3743,0.436,0.53,0.53,0.32,,,,,,,,,,
fc040_bank,50,38,14,829,1.5,,0.3684,0.4363,0.424242424,66,56,0.2496,0.2955,,,0.45,,,,,,,,,,
fc040_lcm,50,38,6,377,1.5,,0.1579,0.1984,0.424242424,66,56,0.107,0.1344,,,0.7,,,,,,,,,,
fc040_maxsum,50,38,26,1433,1.5,,0.6842,0.7542,0.424242424,66,56,0.4635,0.5109,,,0.25,,,,,,,,,,
fc040_square,50,38,13,1405,1.5,24,0.3421,0.7395,0.424242424,66,56,0.2317,0.5009,0.39,0.39,0.47,,,,,,,,,,
fc041_buggy,50,41,1,119,1.5,11,0.0244,0.058,0.453333333,75,64,0.0157,0.0373,1.41,1.41,1.2,,,,,,,,,,
fc041_cab,50,41,1,222,1.5,17,0.0244,0.1083,0.453333333,75,64,0.0157,0.0696,1.34,1.34,1.2,,,,,,,,,,
fc041_chubacsi,50,41,30,1613,1.5,19,0.7317,0.7868,0.453333333,75,64,0.4706,0.506,0.32,0.32,0.25,,,,,,,,,,
fc041_duathu,50,41,8,525,1.5,24,0.1951,0.2561,0.453333333,75,64,0.1255,0.1647,1.12,1.12,0.66,,,,,,,,,,
fc041_medicine,50,41,41,2050,1.5,103,1,1,0.453333333,75,64,0.6431,0.6431,0.3,,0.15,,,,,,,,,,
fc042_convex,50,43,0,379,1.5,0,0,0.1763,0.410958904,73,62,0,0.1222,1.13,1.13,1.5,,,,,,,,,,
fc042_enclosure,50,43,0,87,1.5,0,0,0.0405,0.410958904,73,62,0,0.028,1.39,1.39,1.5,,,,,,,,,,
fc042_flower,50,43,35,1828,1.5,8,0.814,0.8502,0.410958904,73,62,0.5641,0.5892,0.32,0.32,0.19,,,,,,,,,,
fc042_socola,50,43,19,1270,1.5,80,0.4419,0.5907,0.410958904,73,62,0.3062,0.4093,0.61,0.61,0.38,,,,,,,,,,
fc042_windows,50,43,3,227,1.5,1,0.0698,0.1056,0.410958904,73,62,0.0483,0.0732,1.34,1.34,0.93,,,,,,,,,,
fc043_forever,50,31,8,642,1.5,10,0.2581,0.4142,0.670212766,94,80,0.1001,0.1607,0.88,0.88,0.72,,,,,,,,,,
fc043_guide,50,31,0,0,1.5,1,0,0,0.670212766,94,80,0,0,1.5,1.5,1.5,,,,,,,,,,
fc043_kinver,50,31,0,340,1.5,0,0,0.2194,0.670212766,94,80,0,0.0851,0.53,0.53,1.5,,,,,,,,,,
fc043_review,50,31,0,10,1.5,0,0,0.0065,0.670212766,94,80,0,0.0025,1.26,1.26,1.5,,,,,,,,,,
fc044_assemble,50,24,9,450,1.5,0,0.375,0.375,0.641791045,67,57,0.158,0.158,0.94,0.94,0.59,,,,,,,,,,
fc044_divisors,50,24,17,861,1.5,11,0.7083,0.7175,0.641791045,67,57,0.2985,0.3024,0.42,0.42,0.39,,,,,,,,,,
fc044_fire,50,24,0,117,1.5,0,0,0.0975,0.641791045,67,57,0,0.0411,1.34,1.34,1.5,,,,,,,,,,
fc044_nbridge,50,24,6,450,1.5,,0.25,0.375,0.641791045,67,57,0.1054,0.158,,,0.71,,,,,,,,,,
fc044_nbuy,50,24,18,1030,1.5,,0.75,0.8583,0.641791045,67,57,0.3161,0.3617,,,0.37,,,,,,,,,,
fc045_icar,50,23,0,2,1.5,0,0,0.0017,0.719512195,82,70,0,0.0006,1.37,1.37,1.5,,,,,,,,,,
fc045_nantiprime,50,23,5,250,1.5,,0.2174,0.2174,0.719512195,82,70,0.0717,0.0717,,,0.82,,,,,,,,,,
fc045_nfactor,50,23,9,450,1.5,,0.3913,0.3913,0.719512195,82,70,0.1291,0.1291,,,0.65,,,,,,,,,,
fc045_nlineup,50,23,14,891,1.5,,0.6087,0.7748,0.719512195,82,70,0.2009,0.2557,,,0.51,,,,,,,,,,
fc045_nrace,50,23,0,104,1.5,,0,0.0904,0.719512195,82,70,0,0.0298,,,1.5,,,,,,,,,,
fc046_countingtree,50,25,7,410,1.5,3,0.28,0.328,0.583333333,60,51,0.1373,0.1608,1.01,1.01,0.63,,,,,,,,,,
fc046_cutcakee,50,25,8,498,1.5,2,0.32,0.3984,0.583333333,60,51,0.1569,0.1953,0.9,0.9,0.59,,,,,,,,,,
fc046_delcol,50,25,4,220,1.5,1,0.16,0.176,0.583333333,60,51,0.0784,0.0863,1.24,1.24,0.8,,,,,,,,,,
fc046_ksmallestsums,50,25,7,492,1.5,4,0.28,0.3936,0.583333333,60,51,0.1373,0.1929,0.91,0.91,0.63,,,,,,,,,,
fc046_number,50,25,0,599,1.5,0,0,0.4792,0.583333333,60,51,0,0.2349,0.75,0.75,1.5,,,,,,,,,,
fc047_eating,50,37,0,123,1.5,,0,0.0665,0.412698413,63,54,0,0.0459,,,1.5,,,,,,,,,,
fc047_fibonacci,50,37,28,1432,1.5,,0.7568,0.7741,0.412698413,63,54,0.5229,0.5348,,,0.21,,,,,,,,,,
fc047_frogjumps,50,37,16,864,1.5,,0.4324,0.467,0.412698413,63,54,0.2988,0.3227,,,0.39,,,,,,,,,,
fc047_luckynum,50,37,0,48,1.5,,0,0.0259,0.412698413,63,54,0,0.0179,,,1.5,,,,,,,,,,
fc047_powerfularray,50,37,1,250,1.5,,0.027,0.1351,0.412698413,63,54,0.0187,0.0934,,,1.16,,,,,,,,,,
fc048_bamboos,50,25,4,345,1.5,0,0.16,0.276,0.626865672,67,57,0.0702,0.1212,1.09,1.09,0.83,,,,,,,,,,
fc048_gravels,50,25,3,180,1.5,6,0.12,0.144,0.626865672,67,57,0.0527,0.0632,1.28,1.28,0.91,,,,,,,,,,
fc048_hamming,50,25,14,834,1.5,28,0.56,0.6672,0.626865672,67,57,0.2458,0.2929,0.5,,0.45,,,,,,,,,,
fc048_insertar,50,25,13,685,1.5,1,0.52,0.548,0.626865672,67,57,0.2283,0.2406,0.68,0.68,0.47,,,,,,,,,,
fc048_testlist1,50,25,0,39,1.5,0,0,0.0312,0.626865672,67,57,0,0.0137,1.42,1.42,1.5,,,,,,,,,,
fc049_bimat,50,50,45,2319,1.5,,0.9,0.9276,0.438202247,89,76,0.5948,0.6131,,,0.17,,,,,,,,,,
fc049_class,50,50,31,1574,1.5,,0.62,0.6296,0.438202247,89,76,0.4098,0.4161,,,0.29,,,,,,,,,,
fc049_estimation,50,50,1,65,1.5,,0.02,0.026,0.438202247,89,76,0.0132,0.0172,,,1.23,,,,,,,,,,
fc049_numbers,50,50,1,302,1.5,,0.02,0.1208,0.438202247,89,76,0.0132,0.0798,,,1.23,,,,,,,,,,
fc049_repeatstring,50,50,17,993,1.5,,0.34,0.3972,0.438202247,89,76,0.2247,0.2625,,,0.48,,,,,,,,,,
fc049_vang,50,50,12,785,1.5,,0.24,0.314,0.438202247,89,76,0.1586,0.2075,,,0.59,,,,,,,,,,
fc051_anagram,50,56,5,446,1.5,15,0.0893,0.1593,0.416666667,96,82,0.0613,0.1093,1.26,1.26,0.87,,,,,,,,,,
fc051_archery,50,56,17,1910,1.5,10,0.3036,0.6821,0.416666667,96,82,0.2083,0.4681,0.48,0.48,0.5,,,,,,,,,,
fc051_dfs,50,56,10,600,1.5,7,0.1786,0.2143,0.416666667,96,82,0.1225,0.1471,1.18,1.18,0.66,,,,,,,,,,
fc051_house,50,56,48,2662,1.5,118,0.8571,0.9507,0.416666667,96,82,0.5882,0.6525,0.31,0.31,0.18,,,,,,,,,,
fc051_lamp,50,56,54,2700,1.5,87,0.9643,0.9643,0.416666667,96,82,0.6618,0.6618,0.31,0.31,0.14,,,,,,,,,,
fc052_chess,50,40,20,1070,1.5,10,0.5,0.535,0.5,80,68,0.2941,0.3147,0.7,,0.4,,,,,,,,,,
fc052_circles,50,40,7,368,1.5,4,0.175,0.184,0.5,80,68,0.1029,0.1082,1.22,1.22,0.72,,,,,,,,,,
fc052_dicegame,50,40,28,1530,1.5,18,0.7,0.765,0.5,80,68,0.4118,0.45,0.35,0.35,0.29,,,,,,,,,,
fc052_photo,50,40,8,425,1.5,23,0.2,0.2125,0.5,80,68,0.1176,0.125,1.18,1.18,0.68,,,,,,,,,,
fc052_trontim,50,40,5,381,1.5,2,0.125,0.1905,0.5,80,68,0.0735,0.1121,1.21,1.21,0.81,,,,,,,,,,
fc053_evenup,50,38,23,1405,1.5,70,0.6053,0.7395,0.573033708,89,76,0.304,0.3714,0.39,0.39,0.39,,,,,,,,,,
fc053_fj,50,38,5,515,1.5,3,0.1316,0.2711,0.573033708,89,76,0.0661,0.1362,1.09,1.09,0.84,,,,,,,,,,
fc053_mixture,50,38,1,132,1.5,0,0.0263,0.0695,0.573033708,89,76,0.0132,0.0349,1.4,1.4,1.23,,,,,,,,,,
fc053_ps,50,38,23,1200,1.5,7,0.6053,0.6316,0.573033708,89,76,0.304,0.3173,0.55,0.55,0.39,,,,,,,,,,
fc053_sequences,50,38,3,171,1.5,3,0.0789,0.09,0.573033708,89,76,0.0397,0.0452,1.36,1.36,0.98,,,,,,,,,,
fc054_doikhang,50,71,6,459,1.5,15,0.0845,0.1293,0.449612403,129,110,0.0547,0.0837,1.31,1.31,0.9,,,,,,,,,,
fc054_eightcircles,50,71,17,995,1.5,7,0.2394,0.2803,0.449612403,129,110,0.155,0.1815,1.08,1.08,0.59,,,,,,,,,,
fc054_industrialspy,50,71,23,1185,1.5,17,0.3239,0.3338,0.449612403,129,110,0.2098,0.2161,1,1,0.5,,,,,,,,,,
fc054_power3,50,71,42,3191,1.5,40,0.5915,0.8989,0.449612403,129,110,0.383,0.582,0.32,0.32,0.31,,,,,,,,,,
fc055_divinat,50,56,34,2408,1.5,73,0.6071,0.86,0.416666667,96,82,0.4167,0.5902,0.32,0.32,0.29,,,,,,,,,,
fc055_laky,50,56,7,365,1.5,0,0.125,0.1304,0.416666667,96,82,0.0858,0.0895,1.3,1.3,0.77,,,,,,,,,,
fc055_mersenne,50,56,43,2452,1.5,70,0.7679,0.8757,0.416666667,96,82,0.527,0.601,0.32,0.32,0.21,,,,,,,,,,
fc055_pairs,50,56,20,1361,1.5,11,0.3571,0.4861,0.416666667,96,82,0.2451,0.3336,0.77,0.77,0.45,,,,,,,,,,
fc055_tretrau,50,56,10,832,1.5,5,0.1786,0.2971,0.416666667,96,82,0.1225,0.2039,1.05,1.05,0.66,,,,,,,,,,
fc057_canvas,50,59,2,131,1.5,1,0.0339,0.0444,0.48245614,114,97,0.0206,0.027,1.43,1.43,1.14,,,,,,,,,,
fc057_hainao,50,59,0,201,1.5,0,0,0.0681,0.48245614,114,97,0,0.0415,1.3,1.3,1.5,,,,,,,,,,
fc057_knumber,50,59,54,2740,1.5,157,0.9153,0.9288,0.48245614,114,97,0.5573,0.5655,0.31,0.31,0.19,,,,,,,,,,
fc057_subseq,50,59,8,619,1.5,82,0.1356,0.2098,0.48245614,114,97,0.0826,0.1278,1.19,1.19,0.78,,,,,,,,,,
fc057_thupham,50,59,2,166,1.5,3,0.0339,0.0563,0.48245614,114,97,0.0206,0.0343,1.42,1.42,1.14,,,,,,,,,,
fc058_canvas,50,59,2,131,1.5,,0.0339,0.0444,0.48245614,114,97,0.0206,0.027,,,1.14,,,,,,,,,,
fc058_hainao,50,59,0,201,1.5,,0,0.0681,0.48245614,114,97,0,0.0415,,,1.5,,,,,,,,,,
fc058_knumber,50,59,54,2740,1.5,,0.9153,0.9288,0.48245614,114,97,0.5573,0.5655,,,0.19,,,,,,,,,,
fc058_subseq,50,59,8,619,1.5,,0.1356,0.2098,0.48245614,114,97,0.0826,0.1278,,,0.78,,,,,,,,,,
fc058_thupham,50,59,2,166,1.5,,0.0339,0.0563,0.48245614,114,97,0.0206,0.0343,,,1.14,,,,,,,,,,
fc060_cntfri,50,52,16,1135,1.5,14,0.3077,0.4365,0.504761905,105,89,0.1793,0.2543,0.85,0.85,0.55,,,,,,,,,,
fc060_cross,50,52,7,390,1.5,4,0.1346,0.15,0.504761905,105,89,0.0784,0.0874,1.27,1.27,0.8,,,,,,,,,,
fc060_kenre,50,52,11,685,1.5,2,0.2115,0.2635,0.504761905,105,89,0.1232,0.1535,0.8,,0.66,,,,,,,,,,
fc060_listgame2,50,52,0,958,1.5,1,0,0.3685,0.504761905,105,89,0,0.2147,0.92,0.92,1.5,,,,,,,,,,
fc060_zero,50,52,33,1755,1.5,0,0.6346,0.675,0.504761905,105,89,0.3697,0.3933,0.49,0.49,0.32,,,,,,,,,,
fc062_closest,50,75,41,2533,1.5,10,0.5467,0.6755,0.475524476,143,122,0.3373,0.4168,0.49,0.49,0.35,,,,,,,,,,
fc062_connect,50,75,1,320,1.5,2,0.0133,0.0853,0.475524476,143,122,0.0082,0.0527,1.37,1.37,1.31,,,,,,,,,,
fc062_delbox,50,75,46,2325,1.5,6,0.6133,0.62,0.475524476,143,122,0.3784,0.3826,0.57,0.57,0.32,,,,,,,,,,
fc062_mmax,50,75,62,3405,1.5,144,0.8267,0.908,0.475524476,143,122,0.5101,0.5603,0.31,0.31,0.22,,,,,,,,,,
fc062_seqag,50,75,2,421,1.5,16,0.0267,0.1123,0.475524476,143,122,0.0165,0.0693,1.33,1.33,1.19,,,,,,,,,,
fc063_birthday2,50,50,1,838,1.5,,0.02,0.3352,0.438202247,89,76,0.0132,0.2215,,,1.23,,,,,,,,,,
fc063_foot,50,50,7,1519,1.5,,0.14,0.6076,0.438202247,89,76,0.0925,0.4016,,,0.75,,,,,,,,,,
fc063_lines,50,50,2,170,1.5,,0.04,0.068,0.438202247,89,76,0.0264,0.0449,,,1.08,,,,,,,,,,
fc063_quadrant,50,50,47,2350,1.5,,0.94,0.94,0.438202247,89,76,0.6213,0.6213,,,0.16,,,,,,,,,,
fc063_xxx,50,50,9,480,1.5,,0.18,0.192,0.438202247,89,76,0.119,0.1269,,,0.67,,,,,,,,,,
fc065_city,50,39,4,236,1.5,,0.1026,0.121,0.566666667,90,77,0.0523,0.0617,,,0.91,,,,,,,,,,
fc065_formation,50,39,8,649,1.5,,0.2051,0.3328,0.566666667,90,77,0.1046,0.1697,,,0.71,,,,,,,,,,
fc065_gam,50,39,2,145,1.5,,0.0513,0.0744,0.566666667,90,77,0.0261,0.0379,,,1.08,,,,,,,,,,
fc065_gcd,50,39,27,1540,1.5,,0.6923,0.7897,0.566666667,90,77,0.3529,0.4026,,,0.34,,,,,,,,,,
fc065_palind,50,39,10,912,1.5,,0.2564,0.4677,0.566666667,90,77,0.1307,0.2384,,,0.65,,,,,,,,,,
fc066_binary,50,42,1,1277,1.5,2,0.0238,0.6081,0.528089888,89,76,0.0132,0.3376,0.8,,1.23,,,,,,,,,,
fc066_gcdquery,50,42,2,549,1.5,12,0.0476,0.2614,0.528089888,89,76,0.0264,0.1451,0.8,,1.08,,,,,,,,,,
fc066_maxand,50,42,9,659,1.5,7,0.2143,0.3138,0.528089888,89,76,0.119,0.1742,0.8,,0.67,,,,,,,,,,
fc066_moveaway,50,42,0,79,1.5,0,0,0.0376,0.528089888,89,76,0,0.0209,0.8,,1.5,,,,,,,,,,
fc066_sumfib,50,42,4,451,1.5,3,0.0952,0.2148,0.528089888,89,76,0.0529,0.1192,0.8,,0.91,,,,,,,,,,
fc067_dike,50,41,35,1830,1.5,65,0.8537,0.8927,0.5,82,70,0.5022,0.5251,0.8,,0.23,,,,,,,,,,
fc067_gifts,50,41,1,172,1.5,0,0.0244,0.0839,0.5,82,70,0.0143,0.0494,0.8,,1.21,,,,,,,,,,
fc067_minpath,50,41,18,1569,1.5,19,0.439,0.7654,0.5,82,70,0.2582,0.4502,0.8,,0.44,,,,,,,,,,
fc067_ricecake,50,41,0,14,1.5,0,0,0.0068,0.5,82,70,0,0.004,0.8,,1.5,,,,,,,,,,
fc067_sixstr,50,41,27,1516,1.5,3,0.6585,0.7395,0.5,82,70,0.3874,0.435,0.8,,0.31,,,,,,,,,,
fc068_alcohol,50,66,42,2572,1.5,79,0.6364,0.7794,0.480314961,127,108,0.3891,0.4765,0.8,,0.31,,,,,,,,,,
fc068_build,50,66,20,1394,1.5,19,0.303,0.4224,0.480314961,127,108,0.1853,0.2583,0.8,,0.54,,,,,,,,,,
fc068_candy,50,66,2,674,1.5,5,0.0303,0.2042,0.480314961,127,108,0.0185,0.1249,0.8,,1.16,,,,,,,,,,
fc068_seqab,50,66,15,1675,1.5,26,0.2273,0.5076,0.480314961,127,108,0.139,0.3103,0.8,,0.63,,,,,,,,,,
fc069_bacterium,50,55,5,582,1.5,6,0.0909,0.2116,0.670658683,167,142,0.0352,0.082,0.8,,1.01,,,,,,,,,,
fc069_calsum,50,55,34,1832,1.5,85,0.6182,0.6662,0.670658683,167,142,0.2395,0.2581,0.8,,0.46,,,,,,,,,,
fc069_numberwars,50,55,14,1041,1.5,3,0.2545,0.3785,0.670658683,167,142,0.0986,0.1467,0.8,,0.73,,,,,,,,,,
fc069_trafficjam,50,55,2,251,1.5,3,0.0364,0.0913,0.670658683,167,142,0.0141,0.0354,0.8,,1.22,,,,,,,,,,
fc070_bunker,50,84,11,550,1.5,8,0.131,0.131,0.424657534,146,124,0.0886,0.0886,1.3,1.3,0.76,,,,,,,,,,
fc070_countab,50,84,3,150,1.5,13,0.0357,0.0357,0.424657534,146,124,0.0242,0.0242,1.45,1.45,1.1,,,,,,,,,,
fc070_function,50,84,73,3850,1.5,213,0.869,0.9167,0.424657534,146,124,0.5882,0.6205,0.31,0.31,0.18,,,,,,,,,,
fc070_kjump,50,84,67,3398,1.5,70,0.7976,0.809,0.424657534,146,124,0.5399,0.5476,0.33,0.33,0.2,,,,,,,,,,
fc070_taskset,50,84,47,2990,1.5,88,0.5595,0.7119,0.424657534,146,124,0.3787,0.4819,0.43,0.43,0.32,,,,,,,,,,
fc072_chpal,50,67,51,2586,1.5,74,0.7612,0.7719,0.43220339,118,100,0.5085,0.5157,0.34,0.34,0.22,,,,,,,,,,
fc072_hop,50,67,56,2948,1.5,134,0.8358,0.88,0.43220339,118,100,0.5583,0.5878,0.32,0.32,0.19,,,,,,,,,,
fc072_move,50,67,0,208,1.5,17,0,0.0621,0.43220339,118,100,0,0.0415,1.37,1.37,1.5,,,,,,,,,,
fc072_numth,50,67,38,2189,1.5,73,0.5672,0.6534,0.43220339,118,100,0.3789,0.4365,0.52,0.52,0.32,,,,,,,,,,
fc072_seq13,50,67,24,2149,1.5,55,0.3582,0.6415,0.43220339,118,100,0.2393,0.4285,0.54,0.54,0.46,,,,,,,,,,
fc073_dance,50,79,38,2780,1.5,108,0.481,0.7038,0.373015873,126,107,0.3548,0.5191,0.44,0.44,0.34,,,,,,,,,,
fc073_exam,50,79,78,3900,1.5,156,0.9873,0.9873,0.373015873,126,107,0.7283,0.7283,0.3,,0.11,,,,,,,,,,
fc073_flip,50,79,5,380,1.5,22,0.0633,0.0962,0.373015873,126,107,0.0467,0.071,1.36,1.36,0.94,,,,,,,,,,
fc073_font,50,79,16,1065,1.5,9,0.2025,0.2696,0.373015873,126,107,0.1494,0.1989,0.8,,0.6,,,,,,,,,,
fc073_group,50,79,29,1450,1.5,50,0.3671,0.3671,0.373015873,126,107,0.2708,0.2708,0.95,0.95,0.42,,,,,,,,,,
fc075_evenpal,50,68,55,2815,1.5,67,0.8088,0.8279,0.387387387,111,94,0.5829,0.5967,0.33,0.33,0.18,,,,,,,,,,
fc075_fprime,50,68,31,1880,1.5,235,0.4559,0.5529,0.387387387,111,94,0.3286,0.3985,0.67,0.67,0.36,,,,,,,,,,
fc075_numbers,50,68,29,1605,1.5,20,0.4265,0.4721,0.387387387,111,94,0.3074,0.3402,0.79,0.79,0.38,,,,,,,,,,
fc075_range,50,68,18,1014,1.5,24,0.2647,0.2982,0.387387387,111,94,0.1908,0.2149,1.05,1.05,0.53,,,,,,,,,,
fc075_stone,50,68,1,219,1.5,26,0.0147,0.0644,0.387387387,111,94,0.0106,0.0464,1.4,1.4,1.27,,,,,,,,,,
fc075_string,50,68,4,352,1.5,11,0.0588,0.1035,0.387387387,111,94,0.0424,0.0746,1.34,1.34,0.96,,,,,,,,,,
fc076_grcolor,50,52,1,258,1.5,106,0.0192,0.0992,0.625899281,139,118,0.0085,0.0437,1.35,1.35,1.3,,,,,,,,,,
fc076_number,50,52,37,1974,1.5,19,0.7115,0.7592,0.625899281,139,118,0.3132,0.3342,0.36,0.36,0.38,,,,,,,,,,
fc076_path,50,52,10,662,1.5,48,0.1923,0.2546,0.625899281,139,118,0.0846,0.1121,1.12,1.12,0.77,,,,,,,,,,
fc076_reflect,50,52,10,548,1.5,3,0.1923,0.2108,0.625899281,139,118,0.0846,0.0928,1.18,1.18,0.77,,,,,,,,,,
fc076_seq14,50,52,9,633,1.5,43,0.1731,0.2435,0.625899281,139,118,0.0762,0.1072,1.13,1.13,0.8,,,,,,,,,,
fc078_cakes,50,68,9,1476,1.5,,0.1324,0.4341,0.19047619,84,71,0.1261,0.4134,,,0.66,,,,,,,,,,
fc078_incequal,50,68,61,3190,1.5,,0.8971,0.9382,0.19047619,84,71,0.8543,0.8936,,,0.06,,,,,,,,,,
fc078_lamest,50,68,3,353,1.5,,0.0441,0.1038,0.19047619,84,71,0.042,0.0989,,,0.97,,,,,,,,,,
fc078_lights,50,68,11,919,1.5,,0.1618,0.2703,0.19047619,84,71,0.1541,0.2574,,,0.6,,,,,,,,,,
fc078_xorsum,50,68,47,2928,1.5,,0.6912,0.8612,0.19047619,84,71,0.6583,0.8202,,,0.14,,,,,,,,,,
fc079_fbi,50,40,1,105,1.5,0,0.025,0.0525,0.518072289,83,71,0.0142,0.0298,0.8,,1.21,,,,,,,,,,
fc079_mokim,50,40,0,44,1.5,59,0,0.022,0.518072289,83,71,0,0.0125,0.8,,1.5,,,,,,,,,,
fc079_palagain,50,40,5,529,1.5,11,0.125,0.2645,0.518072289,83,71,0.0709,0.15,0.8,,0.82,,,,,,,,,,
fc079_powstr,50,40,0,55,1.5,23,0,0.0275,0.518072289,83,71,0,0.0156,0.8,,1.5,,,,,,,,,,
fc079_roadrail,50,40,8,505,1.5,26,0.2,0.2525,0.518072289,83,71,0.1134,0.1432,0.8,,0.69,,,,,,,,,,
fc081_diving,50,71,2,417,1.5,2,0.0282,0.1175,0.387931034,116,99,0.0203,0.0846,0.8,,1.14,,,,,,,,,,
fc081_pairequa,50,71,49,2792,1.5,25,0.6901,0.7865,0.387931034,116,99,0.497,0.5663,0.8,,0.23,,,,,,,,,,
fc081_seq51,50,71,55,2909,1.5,116,0.7746,0.8194,0.387931034,116,99,0.5578,0.5901,0.8,,0.19,,,,,,,,,,
fc081_tket,50,71,7,611,1.5,0,0.0986,0.1721,0.387931034,116,99,0.071,0.1239,0.8,,0.82,,,,,,,,,,
fc081_transform,50,71,28,2071,1.5,17,0.3944,0.5834,0.387931034,116,99,0.284,0.4201,0.8,,0.41,,,,,,,,,,
fc082_cakes,50,68,9,1476,1.5,,0.1324,0.4341,0.19047619,84,71,0.1261,0.4134,,,0.66,,,,,,,,,,
fc082_incequal,50,68,61,3190,1.5,,0.8971,0.9382,0.19047619,84,71,0.8543,0.8936,,,0.06,,,,,,,,,,
fc082_lamest,50,68,3,353,1.5,,0.0441,0.1038,0.19047619,84,71,0.042,0.0989,,,0.97,,,,,,,,,,
fc082_lights,50,68,11,919,1.5,,0.1618,0.2703,0.19047619,84,71,0.1541,0.2574,,,0.6,,,,,,,,,,
fc082_xorsum,50,68,47,2928,1.5,,0.6912,0.8612,0.19047619,84,71,0.6583,0.8202,,,0.14,,,,,,,,,,
fc085_child,50,90,85,4316,1.5,30,0.9444,0.9591,0.174311927,109,93,0.9174,0.9317,0.31,0.31,0.04,,,,,,,,,,
fc085_gpmb,50,90,5,535,1.5,9,0.0556,0.1189,0.174311927,109,93,0.054,0.1155,1.32,1.32,0.9,,,,,,,,,,
fc085_growing,50,90,2,261,1.5,7,0.0222,0.058,0.174311927,109,93,0.0216,0.0563,1.41,1.41,1.13,,,,,,,,,,
fc085_qsum,50,90,86,4300,1.5,157,0.9556,0.9556,0.174311927,109,93,0.9282,0.9282,0.31,0.31,0.03,,,,,,,,,,
fc085_uetacm,50,90,16,1254,1.5,20,0.1778,0.2787,0.174311927,109,93,0.1727,0.2707,1.08,1.08,0.56,,,,,,,,,,
fc086_abcd,50,72,16,950,1.5,12,0.2222,0.2639,0.208791209,91,77,0.2069,0.2456,0.8,,0.51,,,,,,,,,,
fc086_f7,50,72,51,2650,1.5,10,0.7083,0.7361,0.208791209,91,77,0.6593,0.6852,0.4,0.4,0.14,,,,,,,,,,
fc086_judger,50,72,11,580,1.5,23,0.1528,0.1611,0.208791209,91,77,0.1422,0.15,1.26,1.26,0.62,,,,,,,,,,
fc086_ranking,50,72,65,3275,1.5,196,0.9028,0.9097,0.208791209,91,77,0.8403,0.8468,0.31,0.31,0.06,,,,,,,,,,
fc086_rrace,50,72,5,258,1.5,2,0.0694,0.0717,0.208791209,91,77,0.0646,0.0667,1.39,1.39,0.85,,,,,,,,,,
fc088_boxes,50,90,25,1950,1.5,12,0.2778,0.4333,0.423076923,156,133,0.1885,0.2941,0.85,0.85,0.53,,,,,,,,,,
fc088_fcity,50,90,3,213,1.5,0,0.0333,0.0473,0.423076923,156,133,0.0226,0.0321,1.43,1.43,1.12,,,,,,,,,,
fc088_present,50,90,3,160,1.5,0,0.0333,0.0356,0.423076923,156,133,0.0226,0.0241,1.45,1.45,1.12,,,,,,,,,,
fc088_seq49,50,90,61,3286,1.5,16,0.6778,0.7302,0.423076923,156,133,0.46,0.4956,0.4,0.4,0.26,,,,,,,,,,
fc088_table,50,90,27,1534,1.5,8,0.3,0.3409,0.423076923,156,133,0.2036,0.2314,0.99,0.99,0.51,,,,,,,,,,
fc090_combcal,50,62,0,0,1.5,6,0,0,0.725663717,226,192,0,0,1.5,1.5,1.5,,,,,,,,,,
fc090_coprime,50,62,0,232,1.5,7,0,0.0748,0.725663717,226,192,0,0.0242,1.19,1.19,1.5,,,,,,,,,,
fc090_divcan,50,62,9,965,1.5,7,0.1452,0.3113,0.725663717,226,192,0.0469,0.1005,1.03,1.03,0.94,,,,,,,,,,
fc090_nemgame,50,62,25,1404,1.5,0,0.4032,0.4529,0.725663717,226,192,0.1301,0.1462,0.82,0.82,0.65,,,,,,,,,,
fc090_politics,50,62,2,109,1.5,1,0.0323,0.0352,0.725663717,226,192,0.0104,0.0113,1.45,1.45,1.27,,,,,,,,,,
fc092_bquery,50,52,19,1345,1.5,25,0.3654,0.5173,0.333333333,78,66,0.2866,0.4057,0.72,0.72,0.4,,,,,,,,,,
fc092_cute,50,52,8,766,1.5,22,0.1538,0.2946,0.333333333,78,66,0.1207,0.2311,1.06,1.06,0.67,,,,,,,,,,
fc092_hacker,50,52,10,506,1.5,7,0.1923,0.1946,0.333333333,78,66,0.1508,0.1526,1.21,1.21,0.6,,,,,,,,,,
fc092_hyvong,50,52,14,798,1.5,4,0.2692,0.3069,0.333333333,78,66,0.2112,0.2407,1.04,1.04,0.5,,,,,,,,,,
fc092_vanchuyen,50,52,12,1050,1.5,6,0.2308,0.4038,0.333333333,78,66,0.181,0.3167,0.89,0.89,0.55,,,,,,,,,,
fc093_adistinct,50,85,0,144,1.5,13,0,0.0339,0.247787611,113,96,0,0.03,1.34,1.34,1.5,,,,,,,,,,
fc093_claus,50,85,16,1224,1.5,26,0.1882,0.288,0.247787611,113,96,0.1666,0.2549,1.07,1.07,0.57,,,,,,,,,,
fc093_invoke,50,85,29,1595,1.5,9,0.3412,0.3753,0.247787611,113,96,0.3019,0.3321,0.94,0.94,0.39,,,,,,,,,,
fc093_jam,50,85,1,446,1.5,1,0.0118,0.1049,0.247787611,113,96,0.0104,0.0929,1.34,1.34,1.27,,,,,,,,,,
fc093_santa,50,85,73,3734,1.5,73,0.8588,0.8786,0.247787611,113,96,0.76,0.7775,0.32,0.32,0.1,,,,,,,,,,
fc100_beautarr,100,343,237,25690,1.5,171,0.691,0.749,0.277894737,475,404,0.587,0.6363,0.38,0.38,0.18,,,,,,,,,,
fc100_champion,100,343,14,3922,1.5,9,0.0408,0.1143,0.277894737,475,404,0.0347,0.0971,1.33,1.33,1.02,,,,,,,,,,
fc100_fc100,100,343,320,32000,1.5,101,0.9329,0.9329,0.277894737,475,404,0.7926,0.7926,0.31,0.31,0.08,,,,,,,,,,
fc100_goodarr,100,343,14,3416,1.5,60,0.0408,0.0996,0.277894737,475,404,0.0347,0.0846,1.35,1.35,1.02,,,,,,,,,,
fc100_gridcolor,100,343,11,2539,1.5,4,0.0321,0.074,0.277894737,475,404,0.0272,0.0629,1.39,1.39,1.07,,,,,,,,,,
fc100_haiqua,100,343,63,10398,1.5,21,0.1837,0.3031,0.277894737,475,404,0.156,0.2575,1.05,1.05,0.59,,,,,,,,,,
fc100_move,100,343,316,32420,1.5,116,0.9213,0.9452,0.277894737,475,404,0.7827,0.803,0.31,0.31,0.09,,,,,,,,,,
fc100_ninjaset,100,343,6,1304,1.5,42,0.0175,0.038,0.277894737,475,404,0.0149,0.0323,1.44,1.44,1.21,,,,,,,,,,
fc100_stdecomp,100,343,0,707,1.5,0,0,0.0206,0.277894737,475,404,0,0.0175,1.46,1.46,1.5,,,,,,,,,,
fc100_treetrip,100,343,5,3019,1.5,31,0.0146,0.088,0.277894737,475,404,0.0124,0.0748,1.37,1.37,1.24,,,,,,,,,,
fc101_bank,50,82,26,2530,1.5,61,0.3171,0.6171,0.203883495,103,88,0.297,0.578,0.57,0.57,0.39,,,,,,,,,,
fc101_choosefibo,50,82,10,865,1.5,8,0.122,0.211,0.203883495,103,88,0.1142,0.1976,1.18,1.18,0.69,,,,,,,,,,
fc101_fcgift,50,82,0,20,1.5,11,0,0.0049,0.203883495,103,88,0,0.0046,1.41,1.41,1.5,,,,,,,,,,
fc101_once,50,82,78,3900,1.5,143,0.9512,0.9512,0.203883495,103,88,0.8909,0.8909,0.31,0.31,0.04,,,,,,,,,,
fc101_sumfrac,50,82,5,325,1.5,50,0.061,0.0793,0.203883495,103,88,0.0571,0.0742,1.38,1.38,0.88,,,,,,,,,,
fc111_calplus,50,31,1,145,1.5,43,0.0323,0.0935,0.69,100,85,0.0118,0.0341,1.36,1.36,1.25,,,,,,,,,,
fc111_city,50,31,0,188,1.5,26,0,0.1213,0.69,100,85,0,0.0442,1.28,1.28,1.5,,,,,,,,,,
fc111_curling,50,31,8,429,1.5,8,0.2581,0.2768,0.69,100,85,0.0941,0.1009,1.08,1.08,0.74,,,,,,,,,,
fc111_palincount,50,31,26,1400,1.5,61,0.8387,0.9032,0.69,100,85,0.3059,0.3294,0.31,0.31,0.38,,,,,,,,,,
fc111_spacetravel,50,31,0,89,1.5,10,0,0.0574,0.69,100,85,0,0.0209,1.36,1.36,1.5,,,,,,,,,,
fc122_english,50,30,15,1096,1.5,97,0.5,0.7307,0.4,50,43,0.3529,0.5158,0.8,,0.34,,,,,,,,,,
fc122_kingdom,50,30,1,241,1.5,10,0.0333,0.1607,0.4,50,43,0.0235,0.1134,0.8,,1.11,,,,,,,,,,
fc122_labels,50,30,11,821,1.5,15,0.3667,0.5473,0.4,50,43,0.2588,0.3864,0.8,,0.44,,,,,,,,,,
fc122_scount,50,30,4,200,1.5,3,0.1333,0.1333,0.4,50,43,0.0941,0.0941,0.8,,0.74,,,,,,,,,,
fc122_specpair,50,30,19,1140,1.5,160,0.6333,0.76,0.4,50,43,0.4471,0.5365,0.8,,0.26,,,,,,,,,,
fc123_balls,50,53,48,2400,1.5,293,0.9057,0.9057,0.417582418,91,77,0.6206,0.6206,0.8,,0.16,,,,,,,,,,
fc123_beasubarr,50,53,2,487,1.5,17,0.0377,0.1838,0.417582418,91,77,0.0259,0.1259,0.8,,1.09,,,,,,,,,,
fc123_group,50,53,2,145,1.5,34,0.0377,0.0547,0.417582418,91,77,0.0259,0.0375,0.8,,1.09,,,,,,,,,,
fc123_jump,50,53,30,1667,1.5,188,0.566,0.6291,0.417582418,91,77,0.3878,0.431,0.8,,0.31,,,,,,,,,,
fc123_zshape,50,53,3,385,1.5,16,0.0566,0.1453,0.417582418,91,77,0.0388,0.0995,0.8,,0.99,,,,,,,,,,
fc124_binarystring,50,51,48,2490,1.5,174,0.9412,0.9765,0.37804878,82,70,0.6887,0.7145,0.3,,0.13,,,,,,,,,,
fc124_coprime,50,51,7,472,1.5,72,0.1373,0.1851,0.37804878,82,70,0.1004,0.1354,1.22,1.22,0.72,,,,,,,,,,
fc124_gmine,50,51,18,1305,1.5,36,0.3529,0.5118,0.37804878,82,70,0.2582,0.3745,0.73,0.73,0.44,,,,,,,,,,
fc124_numtree,50,51,0,54,1.5,13,0,0.0212,0.37804878,82,70,0,0.0155,1.44,1.44,1.5,,,,,,,,,,
fc124_stevestring,50,51,9,550,1.5,73,0.1765,0.2157,0.37804878,82,70,0.1291,0.1578,1.18,1.18,0.65,,,,,,,,,,
fc125_beat,50,36,10,794,1.5,47,0.2778,0.4411,0.56626506,83,71,0.1417,0.2251,0.84,0.84,0.62,,,,,,,,,,
fc125_daohang,50,36,1,50,1.5,36,0.0278,0.0278,0.56626506,83,71,0.0142,0.0142,1.46,1.46,1.21,,,,,,,,,,
fc125_fear,50,36,10,570,1.5,42,0.2778,0.3167,0.56626506,83,71,0.1417,0.1616,1.02,1.02,0.62,,,,,,,,,,
fc125_gcdarr,50,36,14,1021,1.5,58,0.3889,0.5672,0.56626506,83,71,0.1984,0.2894,0.65,0.65,0.52,,,,,,,,,,
fc125_racingboy,50,36,0,30,1.5,21,0,0.0167,0.56626506,83,71,0,0.0085,1.44,1.44,1.5,,,,,,,,,,
fc126_atravel,50,111,13,1142,1.5,73,0.1171,0.2058,0.30625,160,136,0.0956,0.1679,1.19,1.19,0.74,,,,,,,,,,
fc126_candy,50,111,3,176,1.5,38,0.027,0.0317,0.30625,160,136,0.0221,0.0259,1.45,1.45,1.12,,,,,,,,,,
fc126_k-number,50,111,45,2355,1.5,,0.4054,0.4243,0.30625,160,136,0.3309,0.3463,,,0.36,,,,,,,,,,
fc126_kperm,50,111,60,3276,1.5,121,0.5405,0.5903,0.30625,160,136,0.4412,0.4818,0.61,0.61,0.27,,,,,,,,,,
fc126_letters,50,111,89,4970,1.5,191,0.8018,0.8955,0.30625,160,136,0.6544,0.7309,0.32,0.32,0.14,,,,,,,,,,
fc127_digits,50,77,7,378,1.5,75,0.0909,0.0982,0.512658228,158,134,0.0521,0.0563,1.35,1.35,0.91,,,,,,,,,,
fc127_discount,50,77,5,608,1.5,43,0.0649,0.1579,0.512658228,158,134,0.0372,0.0905,1.26,1.26,1,,,,,,,,,,
fc127_npyramid,50,77,56,2800,1.5,128,0.7273,0.7273,0.512658228,158,134,0.417,0.417,0.41,0.41,0.29,,,,,,,,,,
fc127_robot,50,77,29,2099,1.5,63,0.3766,0.5452,0.512658228,158,134,0.2159,0.3126,0.68,0.68,0.49,,,,,,,,,,
fc127_tanchan,50,77,9,965,1.5,51,0.1169,0.2506,0.512658228,158,134,0.067,0.1437,1.12,1.12,0.84,,,,,,,,,,
fc128_lock,50,113,8,1008,1.5,140,0.0708,0.1784,0.323353293,167,142,0.0564,0.142,1.23,1.23,0.89,,,,,,,,,,
fc128_sequenceweight,50,113,34,1815,1.5,213,0.3009,0.3212,0.323353293,167,142,0.2395,0.2557,1.02,1.02,0.46,,,,,,,,,,
fc128_signals,50,113,1,110,1.5,23,0.0088,0.0195,0.323353293,167,142,0.007,0.0155,1.47,1.47,1.33,,,,,,,,,,
fc128_strict,50,113,54,2943,1.5,224,0.4779,0.5209,0.323353293,167,142,0.3804,0.4147,0.72,0.72,0.32,,,,,,,,,,
fc128_vsum,50,113,101,5370,1.5,534,0.8938,0.9504,0.323353293,167,142,0.7115,0.7566,0.31,0.31,0.12,,,,,,,,,,
fcb002_candy,50,81,62,3145,0.75,286,0.7654,0.7765,0.313559322,118,100,0.6181,0.6271,0.16,0.16,0.08,,,,,,,,,,
fcb002_demso,50,81,66,3325,0.75,341,0.8148,0.821,0.313559322,118,100,0.658,0.663,0.13,0.13,0.07,,,,,,,,,,
fcb002_interactive,50,81,5,1050,0.75,0,0.0617,0.2593,0.313559322,118,100,0.0499,0.2094,0.52,0.52,0.46,,,,,,,,,,
fcb002_makerect,50,81,56,3084,0.75,145,0.6914,0.7615,0.313559322,118,100,0.5583,0.615,0.17,0.17,0.1,,,,,,,,,,
fcb002_square,50,81,2,374,0.75,3,0.0247,0.0923,0.313559322,118,100,0.0199,0.0746,0.64,0.64,0.57,,,,,,,,,,
fcb015_binhluan,50,74,0,97,0.75,4,0,0.0262,0.403225806,124,105,0,0.0184,0.68,0.68,0.75,,,,,,,,,,
fcb015_char,50,74,71,3550,0.75,715,0.9595,0.9595,0.403225806,124,105,0.6736,0.6736,0.05,0.05,0.07,,,,,,,,,,
fcb015_cprefix,50,74,14,1405,0.75,75,0.1892,0.3797,0.403225806,124,105,0.1328,0.2666,0.43,0.43,0.32,,,,,,,,,,
fcb015_mdist,50,74,66,3300,0.75,216,0.8919,0.8919,0.403225806,124,105,0.6262,0.6262,0.08,0.08,0.08,,,,,,,,,,
fcb015_tabwalk,50,74,52,2880,0.75,140,0.7027,0.7784,0.403225806,124,105,0.4934,0.5465,0.16,0.16,0.12,,,,,,,,,,
fcb027_chess,50,43,1,55,0.75,2,0.0233,0.0256,0.338461538,65,55,0.0181,0.0199,0.11,0.11,0.58,,,,,,,,,,
fcb027_chiakeo,50,43,5,405,0.75,16,0.1163,0.1884,0.338461538,65,55,0.0905,0.1466,0.11,0.11,0.38,,,,,,,,,,
fcb027_dgame,50,43,1,104,0.75,2,0.0233,0.0484,0.338461538,65,55,0.0181,0.0376,0.11,0.11,0.58,,,,,,,,,,
fcb027_divcandy,50,43,43,2150,0.75,353,1,1,0.338461538,65,55,0.7783,0.7783,0.11,0.11,0.04,,,,,,,,,,
fcb027_tower,50,43,33,1675,0.75,118,0.7674,0.7791,0.338461538,65,55,0.5973,0.6063,0.11,0.11,0.09,,,,,,,,,,
fcb028_agrtree,50,105,12,1247,0.75,37,0.1143,0.2375,0.464285714,196,167,0.072,0.1497,0.53,0.53,0.41,,,,,,,,,,
fcb028_bits,50,105,23,1981,0.75,33,0.219,0.3773,0.464285714,196,167,0.1381,0.2378,0.44,0.44,0.31,,,,,,,,,,
fcb028_lagrange,50,105,70,3826,0.75,79,0.6667,0.7288,0.464285714,196,167,0.4202,0.4593,0.19,0.19,0.14,,,,,,,,,,
fcb028_nearest,50,105,35,2071,0.75,32,0.3333,0.3945,0.464285714,196,167,0.2101,0.2486,0.42,0.42,0.25,,,,,,,,,,
fcb028_vacuum,50,105,22,1692,0.75,30,0.2095,0.3223,0.464285714,196,167,0.1321,0.2031,0.47,0.47,0.32,,,,,,,,,,
fcb029_difnple,50,52,51,2570,0.75,754,0.9808,0.9885,0.358024691,81,69,0.7407,0.7466,0.05,0.05,0.05,,,,,,,,,,
fcb029_dmath,50,52,1,230,0.75,19,0.0192,0.0885,0.358024691,81,69,0.0145,0.0668,0.64,0.64,0.6,,,,,,,,,,
fcb029_prefix,50,52,50,2560,0.75,637,0.9615,0.9846,0.358024691,81,69,0.7262,0.7436,0.05,0.05,0.06,,,,,,,,,,
fcb029_replacesum,50,52,16,1325,0.75,44,0.3077,0.5096,0.358024691,81,69,0.2324,0.3849,0.34,0.34,0.23,,,,,,,,,,
fcb029_trinnum,50,52,4,349,0.75,30,0.0769,0.1342,0.358024691,81,69,0.0581,0.1014,0.61,0.61,0.44,,,,,,,,,,
fcb030_divisorpart,50,123,22,1745,0.75,19,0.1789,0.2837,0.276470588,170,145,0.1522,0.2415,0.5,,0.3,,,,,,,,,,
fcb030_starf,50,123,98,4960,0.75,117,0.7967,0.8065,0.276470588,170,145,0.6782,0.6865,0.14,0.14,0.07,,,,,,,,,,
fcb030_strin,50,123,69,3483,0.75,89,0.561,0.5663,0.276470588,170,145,0.4775,0.4821,0.3,,0.12,,,,,,,,,,
fcb030_tribeau,50,123,110,5650,0.75,570,0.8943,0.9187,0.276470588,170,145,0.7612,0.782,0.06,0.06,0.05,,,,,,,,,,
fcb030_unique,50,123,100,5240,0.75,158,0.813,0.852,0.276470588,170,145,0.692,0.7253,0.1,,0.06,,,,,,,,,,
fcb031_aid,50,119,5,260,0.75,23,0.042,0.0437,0.342541436,181,154,0.0325,0.0338,0.67,0.67,0.52,,,,,,,,,,
fcb031_marec,50,119,96,5015,0.75,172,0.8067,0.8429,0.342541436,181,154,0.624,0.6519,0.11,0.11,0.08,,,,,,,,,,
fcb031_present,50,119,93,4650,0.75,118,0.7815,0.7815,0.342541436,181,154,0.6045,0.6045,0.15,0.15,0.08,,,,,,,,,,
fcb031_sqfree,50,119,52,3550,0.75,74,0.437,0.5966,0.342541436,181,154,0.338,0.4615,0.28,0.28,0.18,,,,,,,,,,
fcb031_typing,50,119,80,4184,0.75,142,0.6723,0.7032,0.342541436,181,154,0.52,0.5439,0.21,0.21,0.11,,,,,,,,,,
fcb032_calc,50,111,106,5405,0.75,1444,0.955,0.9739,0.279220779,154,131,0.8098,0.8258,0.05,0.05,0.04,,,,,,,,,,
fcb032_count,50,111,21,1612,0.75,227,0.1892,0.2905,0.279220779,154,131,0.1604,0.2463,0.5,,0.29,,,,,,,,,,
fcb032_fnhouses,50,111,50,2754,0.75,129,0.4505,0.4962,0.279220779,154,131,0.382,0.4208,0.35,0.35,0.16,,,,,,,,,,
fcb032_multitable,50,111,102,5110,0.75,599,0.9189,0.9207,0.279220779,154,131,0.7792,0.7807,0.06,0.06,0.04,,,,,,,,,,
fcb032_socola,50,111,61,3166,0.75,233,0.5495,0.5705,0.279220779,154,131,0.466,0.4837,0.3,,0.13,,,,,,,,,,
fcc2018_fccup18,100,221,220,22060,2,208,0.9955,0.9982,0.19047619,273,232,0.9481,0.9507,0.8,,0.03,,,,,,,,,,
fcc2018_fliprow,100,221,18,4240,2,4,0.0814,0.1919,0.19047619,273,232,0.0776,0.1827,0.8,,1.06,,,,,,,,,,
fcc2018_purple,100,221,4,2425,2,3,0.0181,0.1097,0.19047619,273,232,0.0172,0.1045,0.8,,1.57,,,,,,,,,,
fcc2018_segment,100,221,6,2890,2,10,0.0271,0.1308,0.19047619,273,232,0.0259,0.1245,0.8,,1.45,,,,,,,,,,
fcc2018_valuestr,100,221,125,16646,2,8,0.5656,0.7532,0.19047619,273,232,0.5387,0.7173,0.8,,0.27,,,,,,,,,,
fct002_2_lights,50,75,53,2997,1.5,0,0.7067,0.7992,0.336283186,113,96,0.5518,0.624,0.8,,0.2,,,,,,,,,,
fct002_2_lineshop,50,75,17,1230,1.5,,0.2267,0.328,0.336283186,113,96,0.177,0.2561,,,0.55,,,,,,,,,,
fct002_2_mindist,50,75,13,954,1.5,0,0.1733,0.2544,0.336283186,113,96,0.1353,0.1986,0.8,,0.63,,,,,,,,,,
fct002_2_tamtam,50,75,48,2607,1.5,0,0.64,0.6952,0.336283186,113,96,0.4997,0.5428,0.8,,0.23,,,,,,,,,,
fct002_2_tree,50,75,3,298,1.5,0,0.04,0.0795,0.336283186,113,96,0.0312,0.0621,0.8,,1.04,,,,,,,,,,
fct003_digitsum,50,60,20,1651,1.5,48,0.3333,0.5503,0.318181818,88,75,0.2674,0.4414,0.67,0.67,0.43,,,,,,,,,,
fct003_fish,50,60,3,338,1.5,40,0.05,0.1127,0.318181818,88,75,0.0401,0.0904,1.33,1.33,0.98,,,,,,,,,,
fct003_justabc,50,60,23,1857,1.5,6,0.3833,0.619,0.318181818,88,75,0.3075,0.4965,0.57,0.57,0.38,,,,,,,,,,
fct003_post3,50,60,8,431,1.5,0,0.1333,0.1437,0.318181818,88,75,0.107,0.1152,1.28,1.28,0.7,,,,,,,,,,
fct003_route,50,60,0,89,1.5,6,0,0.0297,0.318181818,88,75,0,0.0238,1.45,1.45,1.5,,,,,,,,,,
fct008_avg3num,50,25,23,1150,1.5,330,0.92,0.92,0.324324324,37,31,0.7313,0.7313,0.31,0.31,0.11,,,,,,,,,,
fct008_electric,50,25,5,250,1.5,97,0.2,0.2,0.324324324,37,31,0.159,0.159,1.2,1.2,0.59,,,,,,,,,,
fct008_linecity,50,25,15,870,1.5,107,0.6,0.696,0.324324324,37,31,0.4769,0.5533,0.46,0.46,0.24,,,,,,,,,,
fct008_lis,50,25,3,180,1.5,18,0.12,0.144,0.324324324,37,31,0.0954,0.1145,1.28,1.28,0.74,,,,,,,,,,
fct008_xormatrix,50,25,8,415,1.5,26,0.32,0.332,0.324324324,37,31,0.2544,0.2639,1,1,0.44,,,,,,,,,,
fct010_build,50,41,7,375,1.5,34,0.1707,0.1829,0.460526316,76,65,0.1084,0.1161,0.8,,0.7,,,,,,,,,,
fct010_evenpal,50,41,28,1440,1.5,102,0.6829,0.7024,0.460526316,76,65,0.4334,0.4458,0.8,,0.27,,,,,,,,,,
fct010_filedel,50,41,23,1270,1.5,96,0.561,0.6195,0.460526316,76,65,0.356,0.3932,0.8,,0.34,,,,,,,,,,
fct010_fish,50,41,5,335,1.5,24,0.122,0.1634,0.460526316,76,65,0.0774,0.1037,0.8,,0.8,,,,,,,,,,
fct010_product,50,41,41,2050,1.5,388,1,1,0.460526316,76,65,0.6347,0.6347,0.1,,0.15,,,,,,,,,,
fct011_absmin,50,35,25,1370,1.5,340,0.7143,0.7829,0.47761194,67,57,0.439,0.4811,0.8,,0.27,,,,,,,,,,
fct011_bquery2,50,35,3,180,1.5,18,0.0857,0.1029,0.47761194,67,57,0.0527,0.0632,0.8,,0.91,,,,,,,,,,
fct011_connect,50,35,2,160,1.5,10,0.0571,0.0914,0.47761194,67,57,0.0351,0.0562,0.8,,1.01,,,,,,,,,,
fct011_garden,50,35,11,726,1.5,85,0.3143,0.4149,0.47761194,67,57,0.1932,0.255,0.8,,0.53,,,,,,,,,,
fct011_hop,50,35,33,1650,1.5,262,0.9429,0.9429,0.47761194,67,57,0.5795,0.5795,0.8,,0.18,,,,,,,,,,
fct012_distsum,50,36,19,1265,1.5,101,0.5278,0.7028,0.409836066,61,52,0.3664,0.4879,0.8,,0.33,,,,,,,,,,
fct012_dollbox,50,36,10,650,1.5,23,0.2778,0.3611,0.409836066,61,52,0.1929,0.2507,0.8,,0.53,,,,,,,,,,
fct012_move,50,36,28,1516,1.5,113,0.7778,0.8422,0.409836066,61,52,0.54,0.5848,0.8,,0.2,,,,,,,,,,
fct012_roadrail,50,36,7,395,1.5,25,0.1944,0.2194,0.409836066,61,52,0.135,0.1524,0.8,,0.64,,,,,,,,,,
fct012_xor2seq,50,36,8,550,1.5,11,0.2222,0.3056,0.409836066,61,52,0.1543,0.2122,0.8,,0.6,,,,,,,,,,
fct013_aquery,50,45,5,460,1.5,32,0.1111,0.2044,0.296875,64,54,0.0919,0.1691,0.8,,0.75,,,,,,,,,,
fct013_areasum,50,45,17,932,1.5,49,0.3778,0.4142,0.296875,64,54,0.3125,0.3426,0.8,,0.38,,,,,,,,,,
fct013_function,50,45,43,2150,1.5,508,0.9556,0.9556,0.296875,64,54,0.7904,0.7904,0.8,,0.08,,,,,,,,,,
fct013_roadrail2,50,45,0,197,1.5,8,0,0.0876,0.296875,64,54,0,0.0724,0.8,,1.5,,,,,,,,,,
fct013_robot,50,45,24,1284,1.5,52,0.5333,0.5707,0.296875,64,54,0.4412,0.4721,0.8,,0.27,,,,,,,,,,
fct014_beautarr,50,43,26,1410,1.5,144,0.6047,0.6558,0.376811594,69,59,0.4433,0.4808,0.8,,0.27,,,,,,,,,,
fct014_minrect,50,43,41,2050,1.5,511,0.9535,0.9535,0.376811594,69,59,0.6991,0.6991,0.8,,0.12,,,,,,,,,,
fct014_orandarray,50,43,7,397,1.5,20,0.1628,0.1847,0.376811594,69,59,0.1194,0.1354,0.8,,0.67,,,,,,,,,,
fct014_ribgame,50,43,9,824,1.5,59,0.2093,0.3833,0.376811594,69,59,0.1535,0.281,0.7,,0.6,,,,,,,,,,
fct014_spacetravel,50,43,1,254,1.5,6,0.0233,0.1181,0.376811594,69,59,0.0171,0.0866,0.8,,1.18,,,,,,,,,,
fct016_aquery2,50,92,76,4153,1.5,116,0.8261,0.9028,0.275590551,127,108,0.704,0.7694,0.31,0.31,0.12,,,,,,,,,,
fct016_cprefix,50,92,33,2140,1.5,87,0.3587,0.4652,0.275590551,127,108,0.3057,0.3965,0.8,,0.38,,,,,,,,,,
fct016_mwpath,50,92,6,630,1.5,27,0.0652,0.137,0.275590551,127,108,0.0556,0.1167,1.29,1.29,0.89,,,,,,,,,,
fct016_taskset,50,92,60,3340,1.5,161,0.6522,0.7261,0.275590551,127,108,0.5558,0.6188,0.41,0.41,0.2,,,,,,,,,,
fct016_warp,50,92,13,732,1.5,37,0.1413,0.1591,0.275590551,127,108,0.1204,0.1356,1.26,1.26,0.67,,,,,,,,,,
fct017_dsum,50,110,106,5300,1.5,425,0.9636,0.9636,0.24137931,145,123,0.86,0.86,0.31,0.31,0.06,,,,,,,,,,
fct017_giangseq,50,110,6,493,1.5,115,0.0545,0.0896,0.24137931,145,123,0.0487,0.08,1.37,1.37,0.93,,,,,,,,,,
fct017_grcolor,50,110,7,1086,1.5,120,0.0636,0.1975,0.24137931,145,123,0.0568,0.1762,1.2,1.2,0.89,,,,,,,,,,
fct017_height,50,110,68,3925,1.5,189,0.6182,0.7136,0.24137931,145,123,0.5517,0.6369,0.43,0.43,0.2,,,,,,,,,,
fct017_seq3n,50,110,27,1989,1.5,146,0.2455,0.3616,0.24137931,145,123,0.2191,0.3228,0.96,0.96,0.49,,,,,,,,,,
fct018_actor,50,87,31,2463,1.5,121,0.3563,0.5662,0.395833333,144,122,0.2533,0.4025,0.5,,0.44,,,,,,,,,,
fct018_fliprow,50,87,2,290,1.5,16,0.023,0.0667,0.395833333,144,122,0.0163,0.0474,0.5,,1.19,,,,,,,,,,
fct018_grcolor2,50,87,2,301,1.5,30,0.023,0.0692,0.395833333,144,122,0.0163,0.0492,0.5,,1.19,,,,,,,,,,
fct018_nytravel,50,87,44,2653,1.5,122,0.5057,0.6099,0.395833333,144,122,0.3595,0.4335,0.5,,0.33,,,,,,,,,,
fct018_sub,50,87,63,3459,1.5,226,0.7241,0.7952,0.395833333,144,122,0.5147,0.5652,0.5,,0.22,,,,,,,,,,
